{"stats":{"minecraft:custom":{"minecraft:time_since_rest":2889,"minecraft:deaths":1,"minecraft:crouch_one_cm":141,"minecraft:play_time":6779,"minecraft:sprint_one_cm":36077,"minecraft:damage_taken":583,"minecraft:walk_one_cm":15719,"minecraft:sneak_time":20,"minecraft:walk_under_water_one_cm":3666,"minecraft:mob_kills":3,"minecraft:drop":4,"minecraft:damage_dealt_resisted":60,"minecraft:jump":157,"minecraft:walk_on_water_one_cm":3602,"minecraft:time_since_death":2859,"minecraft:total_world_time":6779,"minecraft:fall_one_cm":6457,"minecraft:fly_one_cm":33549},"minecraft:dropped":{"minecraft:apple":1,"minecraft:birch_leaves":1,"jujutsucraft:clothes_jogo_helmet":1,"minecraft:grass_block":1},"minecraft:mined":{"minecraft:oak_log":5,"minecraft:oak_leaves":2},"minecraft:killed_by":{"minecraft:player":1},"minecraft:used":{"jujutsucraft:clothes_jogo_chestplate":2,"jujutsucraft:clothes_jogo_helmet":1,"jujutsucraft:uniform_normal_leggings":2,"jujutsucraft:hair_fushiguro_megumi_helmet":1,"jujutsucraft:uniform_normal_boots":1,"jujutsucraft:uniform_normal_chestplate":2},"minecraft:killed":{"jujutsucraft:cursed_spirit_grade_317":1,"minecraft:pig":2},"minecraft:picked_up":{"jujutsucraft:hair_fushiguro_megumi_helmet":1,"jujutsucraft:uniform_normal_leggings":1,"minecraft:birch_leaves":1,"minecraft:apple":2,"jujutsucraft:clothes_jogo_helmet":1,"jujutsucraft:sword_black":1,"jujutsucraft:cursed_technique_changer":1,"minecraft:porkchop":3,"jujutsucraft:uniform_normal_chestplate":1,"minecraft:oak_log":5,"minecraft:grass_block":1,"minecraft:oak_sapling":2}},"DataVersion":3465}