{"stats":{"minecraft:custom":{"minecraft:time_since_rest":191,"minecraft:sprint_one_cm":197560,"minecraft:damage_taken":5419,"minecraft:walk_one_cm":109439,"minecraft:trigger_trapped_chest":1,"minecraft:mob_kills":88,"minecraft:drop":11,"minecraft:fly_one_cm":284503,"minecraft:player_kills":1,"minecraft:open_barrel":2,"minecraft:open_chest":10,"minecraft:crouch_one_cm":445,"minecraft:play_time":30779,"minecraft:deaths":13,"minecraft:sneak_time":55,"minecraft:walk_under_water_one_cm":3666,"minecraft:jump":871,"minecraft:damage_dealt_resisted":7228,"minecraft:interact_with_brewingstand":2,"minecraft:time_since_death":161,"minecraft:walk_on_water_one_cm":3786,"minecraft:total_world_time":30779,"minecraft:climb_one_cm":176,"minecraft:damage_resisted":828,"minecraft:fall_one_cm":35452},"minecraft:dropped":{"minecraft:bread":17,"minecraft:porkchop":5,"minecraft:birch_leaves":1,"jujutsucraft:clothes_jogo_helmet":1,"minecraft:leather":2,"minecraft:apple":1,"minecraft:beef":1,"minecraft:grass_block":1},"minecraft:mined":{"minecraft:grass":2,"minecraft:oak_log":5,"minecraft:dirt":2,"minecraft:oak_leaves":5},"minecraft:used":{"jujutsucraft:sword_black":2,"jujutsucraft:clothes_jogo_helmet":1,"jujutsucraft:hair_fushiguro_megumi_helmet":1,"jujutsucraft:uniform_normal_boots":1,"jujutsucraft:clothes_jogo_chestplate":2,"jujutsucraft:nyoi_staff":1,"minecraft:tall_grass":2,"jujutsucraft:uniform_normal_leggings":2,"jujutsucraft:uniform_normal_chestplate":2},"minecraft:killed_by":{"jujutsucraft:cursed_spirit_grade_25":1,"jujutsucraft:max_elephant":1,"jujutsucraft:yoshino_junpei":1,"jujutsucraft:q":1,"minecraft:player":5,"jujutsucraft:moon_dregs":1,"jujutsucraft:cursed_spirit_grade_22":1,"jujutsucraft:cursed_spirit_grade_213":1,"jujutsucraft:jujutsu_sorcerer":1},"minecraft:killed":{"jujutsucraft:cursed_spirit_grade_32":3,"jujutsucraft:cursed_spirit_grade_33":2,"jujutsucraft:cursed_spirit_grade_39":6,"jujutsucraft:cursed_spirit_grade_31":1,"jujutsucraft:cursed_spirit_grade_312":1,"jujutsucraft:crow":2,"minecraft:pig":2,"jujutsucraft:cursed_spirit_grade_311":1,"jujutsucraft:cursed_spirit_grade_310":2,"jujutsucraft:kukuru":1,"jujutsucraft:rabbit_escape":38,"jujutsucraft:cursed_spirit_grade_36":2,"jujutsucraft:round_deer":1,"jujutsucraft:curse_user_1":1,"jujutsucraft:cursed_spirit_grade_318":1,"jujutsucraft:cursed_spirit_grade_315":5,"jujutsucraft:cursed_spirit_grade_317":6,"jujutsucraft:cursed_spirit_grade_34":2,"jujutsucraft:cursed_spirit_grade_319":1,"jujutsucraft:cursed_spirit_grade_322":1,"jujutsucraft:cursed_spirit_grade_321":1,"minecraft:cow":3},"minecraft:picked_up":{"jujutsucraft:hair_fushiguro_megumi_helmet":1,"minecraft:birch_leaves":1,"minecraft:leather":2,"jujutsucraft:cursed_technique_changer":1,"minecraft:porkchop":5,"minecraft:oak_log":5,"jujutsucraft:uniform_normal_chestplate":1,"minecraft:grass_block":1,"jujutsucraft:uniform_normal_leggings":1,"minecraft:apple":2,"jujutsucraft:clothes_jogo_helmet":1,"jujutsucraft:sword_black":2,"minecraft:beef":1,"minecraft:tall_grass":2,"minecraft:oak_sapling":2}},"DataVersion":3465}