{"stats":{"minecraft:picked_up":{"minecraft:wheat_seeds":2},"minecraft:dropped":{"minecraft:wheat_seeds":2},"minecraft:mined":{"minecraft:grass":3},"minecraft:used":{"jujutsucraft:clothes_jogo_helmet":1},"minecraft:custom":{"minecraft:jump":138,"minecraft:time_since_rest":620,"minecraft:damage_dealt":1,"minecraft:deaths":1,"minecraft:walk_on_water_one_cm":4591,"minecraft:leave_game":3,"minecraft:play_time":5298,"minecraft:sprint_one_cm":13174,"minecraft:damage_taken":314,"minecraft:time_since_death":554,"minecraft:walk_one_cm":3138,"minecraft:sneak_time":141,"minecraft:total_world_time":5298,"minecraft:walk_under_water_one_cm":4472,"minecraft:fall_one_cm":7900,"minecraft:drop":2,"minecraft:fly_one_cm":53660},"minecraft:killed_by":{"jujutsucraft:cursed_spirit_grade_314":1}},"DataVersion":3465}