{"stats":{"minecraft:mined":{"minecraft:grass":3},"minecraft:killed_by":{"jujutsucraftaddon:sukuna_manga":1,"jujutsucraft:curse_user":1,"jujutsucraft:cursed_spirit_grade_314":1},"minecraft:killed":{"minecraft:sheep":3,"jujutsucraft:cursed_spirit_grade_314":1,"minecraft:pig":5,"minecraft:cow":3},"minecraft:used":{"jujutsucraft:clothes_jogo_helmet":1,"jujutsucraftaddon:anti_veil_spawn_egg":1,"jujutsucraft:stevenson_screen_spawn_egg":1,"jujutsucraftaddon:sukuna_no_shirt_spawn_egg":1,"jujutsucraftaddon:satushi_spawn_egg":1,"jujutsucraftaddon:sukuna_manga_spawn_egg":2},"minecraft:dropped":{"minecraft:gravel":2,"minecraft:wheat_seeds":2},"minecraft:custom":{"minecraft:time_since_rest":1834,"minecraft:crouch_one_cm":565,"minecraft:sprint_one_cm":26547,"minecraft:play_time":20662,"minecraft:deaths":3,"minecraft:damage_taken":2171,"minecraft:walk_one_cm":33194,"minecraft:sneak_time":415,"minecraft:walk_under_water_one_cm":5387,"minecraft:mob_kills":13,"minecraft:drop":4,"minecraft:damage_dealt_resisted":3822,"minecraft:jump":781,"minecraft:damage_dealt":30,"minecraft:leave_game":4,"minecraft:walk_on_water_one_cm":6256,"minecraft:time_since_death":1771,"minecraft:total_world_time":20662,"minecraft:fall_one_cm":9444,"minecraft:fly_one_cm":142470},"minecraft:picked_up":{"minecraft:wheat_seeds":2,"minecraft:gravel":2,"jujutsucraft:cursed_technique_changer":64,"minecraft:grass_block":1}},"DataVersion":3465}