{"stats":{"minecraft:picked_up":{"minecraft:wheat_seeds":2},"minecraft:dropped":{"minecraft:wheat_seeds":2},"minecraft:mined":{"minecraft:grass":3},"minecraft:used":{"jujutsucraft:clothes_jogo_helmet":1},"minecraft:custom":{"minecraft:jump":87,"minecraft:time_since_rest":3572,"minecraft:leave_game":2,"minecraft:play_time":3572,"minecraft:sprint_one_cm":8471,"minecraft:damage_taken":50,"minecraft:time_since_death":3572,"minecraft:walk_one_cm":2339,"minecraft:total_world_time":3572,"minecraft:drop":2,"minecraft:fall_one_cm":3906,"minecraft:fly_one_cm":26220}},"DataVersion":3465}