{"stats":{"minecraft:picked_up":{"jujutsucraft:dragon_bone":1,"minecraft:wheat_seeds":1,"minecraft:beef":3},"minecraft:custom":{"minecraft:time_since_rest":6564,"minecraft:crouch_one_cm":24,"minecraft:sprint_one_cm":34867,"minecraft:play_time":6564,"minecraft:damage_taken":40,"minecraft:walk_one_cm":9490,"minecraft:sneak_time":9,"minecraft:walk_under_water_one_cm":104,"minecraft:mob_kills":2,"minecraft:jump":188,"minecraft:damage_dealt":145,"minecraft:leave_game":3,"minecraft:walk_on_water_one_cm":586,"minecraft:time_since_death":6564,"minecraft:total_world_time":6564,"minecraft:swim_one_cm":891,"minecraft:fall_one_cm":6706,"minecraft:fly_one_cm":45496},"minecraft:used":{"jujutsucraft:uniform_normal_leggings":1,"jujutsucraft:uniform_normal_boots":1,"jujutsucraft:dragon_bone":2,"jujutsucraft:uniform_normal_chestplate":1},"minecraft:mined":{"minecraft:grass":2,"minecraft:tall_grass":7},"minecraft:killed":{"jujutsucraft:stevenson_screen":1,"minecraft:cow":1}},"DataVersion":3465}