{"stats":{"minecraft:mined":{"minecraft:grass":3},"minecraft:killed_by":{"jujutsucraft:curse_user":1,"jujutsucraft:cursed_spirit_grade_314":1},"minecraft:used":{"jujutsucraft:clothes_jogo_helmet":1},"minecraft:dropped":{"minecraft:wheat_seeds":2},"minecraft:custom":{"minecraft:jump":167,"minecraft:time_since_rest":2565,"minecraft:damage_dealt":1,"minecraft:damage_taken":611,"minecraft:leave_game":4,"minecraft:play_time":8662,"minecraft:time_since_death":2523,"minecraft:sprint_one_cm":17354,"minecraft:walk_one_cm":5229,"minecraft:walk_on_water_one_cm":6256,"minecraft:deaths":2,"minecraft:sneak_time":147,"minecraft:total_world_time":8662,"minecraft:walk_under_water_one_cm":5387,"minecraft:fall_one_cm":9444,"minecraft:drop":2,"minecraft:fly_one_cm":69247},"minecraft:picked_up":{"minecraft:wheat_seeds":2}},"DataVersion":3465}