{"stats":{"minecraft:custom":{"minecraft:time_since_rest":5751,"minecraft:crouch_one_cm":11,"minecraft:play_time":5751,"minecraft:sprint_one_cm":8397,"minecraft:walk_one_cm":6992,"minecraft:sneak_time":99,"minecraft:mob_kills":11,"minecraft:drop":6,"minecraft:damage_dealt_resisted":162,"minecraft:jump":162,"minecraft:time_since_death":5751,"minecraft:walk_on_water_one_cm":275,"minecraft:total_world_time":5751,"minecraft:fall_one_cm":687,"minecraft:fly_one_cm":77899,"minecraft:player_kills":1},"minecraft:dropped":{"jujutsucraft:sword_black":1,"minecraft:dirt":1,"minecraft:apple":1,"minecraft:birch_leaves":1,"minecraft:grass_block":1,"jujutsucraft:cursed_technique_changer":1},"minecraft:mined":{"minecraft:oak_leaves":5},"minecraft:used":{"minecraft:oak_sapling":1},"minecraft:killed":{"minecraft:sheep":1,"minecraft:bee":3,"minecraft:squid":1,"jujutsucraft:cursed_spirit_grade_321":1,"minecraft:salmon":5},"minecraft:picked_up":{"minecraft:birch_leaves":1,"minecraft:apple":1,"jujutsucraft:sword_black":1,"minecraft:grass_block":1,"minecraft:oak_sapling":1,"minecraft:dirt":1}},"DataVersion":3465}