{"stats":{"minecraft:mined":{"minecraft:grass":3},"minecraft:killed_by":{"jujutsucraftaddon:sukuna_manga":1,"jujutsucraft:cursed_spirit_grade_314":1,"jujutsucraft:curse_user":1},"minecraft:killed":{"minecraft:sheep":3,"jujutsucraft:cursed_spirit_grade_32":4,"jujutsucraft:cursed_spirit_grade_21":1,"jujutsucraft:cursed_spirit_grade_39":2,"jujutsucraft:cursed_spirit_grade_33":1,"jujutsucraft:cursed_spirit_grade_313":1,"jujutsucraft:cursed_spirit_grade_314":1,"jujutsucraft:stevenson_screen":1,"minecraft:pig":5,"jujutsucraft:crow":3,"jujutsucraft:cursed_spirit_grade_311":1,"jujutsucraft:cursed_spirit_grade_310":1,"jujutsucraft:jujutsu_sorcerer":1,"minecraft:salmon":1,"jujutsucraft:cursed_spirit_grade_36":1,"minecraft:bat":6,"jujutsucraft:cursed_spirit_grade_317":2,"jujutsucraft:cursed_spirit_grade_315":1,"jujutsucraft:cursed_spirit_grade_316":1,"minecraft:cod":2,"jujutsucraft:cursed_spirit_grade_319":1,"jujutsucraft:transfigured_human_1":1,"jujutsucraft:cursed_spirit_grade_321":2,"minecraft:cow":3},"minecraft:used":{"jujutsucraft:clothes_jogo_helmet":1,"jujutsucraft:stevenson_screen_spawn_egg":1,"jujutsucraftaddon:sukuna_no_shirt_spawn_egg":1,"jujutsucraftaddon:satushi_spawn_egg":1,"jujutsucraftaddon:anti_veil_spawn_egg":1,"jujutsucraftaddon:sukuna_manga_spawn_egg":2},"minecraft:dropped":{"minecraft:gravel":2,"minecraft:wheat_seeds":2},"minecraft:custom":{"minecraft:time_since_rest":13834,"minecraft:sprint_one_cm":34985,"minecraft:damage_taken":2171,"minecraft:walk_one_cm":48700,"minecraft:mob_kills":47,"minecraft:drop":4,"minecraft:damage_dealt":44,"minecraft:fly_one_cm":355998,"minecraft:crouch_one_cm":714,"minecraft:play_time":32662,"minecraft:deaths":3,"minecraft:sneak_time":786,"minecraft:walk_under_water_one_cm":5387,"minecraft:jump":802,"minecraft:damage_dealt_resisted":10710,"minecraft:leave_game":4,"minecraft:time_since_death":13771,"minecraft:walk_on_water_one_cm":6981,"minecraft:total_world_time":32662,"minecraft:fall_one_cm":9444},"minecraft:picked_up":{"minecraft:gravel":2,"jujutsucraft:cursed_technique_changer":64,"minecraft:grass_block":1,"jujutsucraft:naginata":1,"minecraft:wheat_seeds":2,"minecraft:cobblestone":4}},"DataVersion":3465}