{"stats":{"minecraft:picked_up":{"minecraft:beef":3,"jujutsucraft:dragon_bone":1},"minecraft:custom":{"minecraft:jump":37,"minecraft:time_since_rest":3611,"minecraft:damage_dealt":145,"minecraft:crouch_one_cm":24,"minecraft:leave_game":1,"minecraft:sprint_one_cm":13522,"minecraft:play_time":3611,"minecraft:time_since_death":3611,"minecraft:walk_one_cm":6373,"minecraft:sneak_time":3,"minecraft:total_world_time":3611,"minecraft:mob_kills":2,"minecraft:fall_one_cm":1167,"minecraft:fly_one_cm":5682},"minecraft:used":{"jujutsucraft:uniform_normal_boots":1,"jujutsucraft:dragon_bone":2,"jujutsucraft:uniform_normal_chestplate":1,"jujutsucraft:uniform_normal_leggings":1},"minecraft:mined":{"minecraft:grass":1,"minecraft:tall_grass":2},"minecraft:killed":{"minecraft:cow":1,"jujutsucraft:stevenson_screen":1}},"DataVersion":3465}