{"stats":{"minecraft:custom":{"minecraft:mob_kills":92,"minecraft:interact_with_crafting_table":4,"minecraft:open_barrel":4,"minecraft:damage_dealt_resisted":15877,"minecraft:time_since_death":97,"minecraft:climb_one_cm":41,"minecraft:time_since_rest":128,"minecraft:sprint_one_cm":92854,"minecraft:damage_taken":2006,"minecraft:walk_one_cm":56743,"minecraft:trigger_trapped_chest":2,"minecraft:drop":27,"minecraft:fly_one_cm":407680,"minecraft:player_kills":1,"minecraft:open_chest":15,"minecraft:crouch_one_cm":1162,"minecraft:play_time":29751,"minecraft:deaths":8,"minecraft:sneak_time":613,"minecraft:walk_under_water_one_cm":3763,"minecraft:jump":787,"minecraft:walk_on_water_one_cm":6218,"minecraft:total_world_time":29751,"minecraft:fall_one_cm":8348},"minecraft:dropped":{"minecraft:oak_door":3,"minecraft:stripped_spruce_log":8,"minecraft:kelp":1,"minecraft:porkchop":3,"minecraft:birch_leaves":1,"minecraft:oak_trapdoor":4,"minecraft:smooth_stone_slab":1,"jujutsucraft:cursed_technique_changer":1,"minecraft:dark_oak_slab":1,"jujutsucraft:sword_black":1,"minecraft:oak_planks":60,"minecraft:apple":1,"minecraft:glass_pane":8,"minecraft:warped_planks":37,"minecraft:grass_block":1,"minecraft:stick":6,"minecraft:gray_concrete":2,"minecraft:dirt":1,"minecraft:stone":1,"minecraft:warped_stairs":15,"minecraft:spruce_planks":54,"minecraft:birch_sign":1,"minecraft:spruce_slab":12,"minecraft:fermented_spider_eye":5,"jujutsucraft:sukuna_finger":1},"minecraft:mined":{"minecraft:blast_furnace":3,"minecraft:tall_grass":1,"minecraft:grass":1,"minecraft:oak_leaves":5},"minecraft:used":{"minecraft:chest":2,"jujutsucraft:sukuna_finger":2,"minecraft:crafting_table":1,"minecraft:iron_pickaxe":3,"minecraft:oak_sapling":1},"minecraft:killed_by":{"minecraft:player":1,"jujutsucraft:cursed_spirit_grade_312":1,"jujutsucraft:q":2,"jujutsucraft:fushiguro_toji_bug":1,"jujutsucraft:cursed_spirit_grade_316":1},"minecraft:killed":{"jujutsucraft:cursed_spirit_grade_32":1,"minecraft:cat":1,"jujutsucraft:cursed_spirit_grade_31":1,"minecraft:pig":6,"jujutsucraft:nanako":1,"minecraft:salmon":11,"jujutsucraft:cursed_spirit_grade_318":1,"jujutsucraft:curse_user_1":3,"jujutsucraft:cursed_spirit_grade_316":1,"jujutsucraft:curse_user":3,"minecraft:squid":1,"jujutsucraft:cursed_spirit_grade_321":2,"minecraft:sheep":4,"minecraft:horse":1,"jujutsucraft:cursed_spirit_grade_39":2,"jujutsucraft:cursed_spirit_grade_312":1,"jujutsucraft:cursed_spirit_grade_313":1,"jujutsucraft:cursed_spirit_grade_314":4,"minecraft:donkey":1,"jujutsucraft:crow":1,"minecraft:bee":3,"jujutsucraft:cursed_spirit_grade_310":2,"minecraft:chicken":3,"jujutsucraft:cursed_spirit_grade_36":1,"jujutsucraft:cursed_spirit_grade_317":2,"jujutsucraft:cursed_spirit_grade_315":6,"jujutsucraft:cursed_spirit_grade_34":2,"jujutsucraft:cursed_spirit_grade_319":6,"jujutsucraft:cursed_spirit_grade_322":5,"minecraft:villager":8,"jujutsucraft:q":1,"minecraft:cow":1,"jujutsucraft:ogami":2},"minecraft:picked_up":{"minecraft:stripped_oak_log":2,"minecraft:birch_leaves":1,"minecraft:birch_planks":4,"jujutsucraft:sukuna_finger":1,"minecraft:warped_stairs":34,"minecraft:gray_concrete":2,"minecraft:dirt":11,"minecraft:oak_trapdoor":4,"minecraft:smooth_stone_slab":1,"minecraft:glass_pane":8,"minecraft:apple":1,"minecraft:kelp":1,"minecraft:spruce_planks":54,"minecraft:dark_prismarine_stairs":4,"jujutsucraft:sword_black":1,"minecraft:iron_ingot":4,"minecraft:warped_slab":1,"minecraft:spruce_slab":12,"minecraft:dark_oak_slab":1,"minecraft:stone":2,"minecraft:oak_door":3,"minecraft:torch":4,"minecraft:spruce_stairs":1,"minecraft:porkchop":11,"minecraft:stripped_spruce_log":8,"minecraft:blast_furnace":2,"minecraft:grass_block":2,"minecraft:warped_planks":37,"minecraft:dark_oak_fence_gate":1,"minecraft:dark_oak_planks":1,"minecraft:andesite_wall":1,"minecraft:lever":1,"minecraft:birch_sign":1,"minecraft:oak_sapling":1,"minecraft:coal":5,"minecraft:stripped_dark_oak_log":1,"minecraft:iron_bars":3,"minecraft:oak_leaves":1},"minecraft:crafted":{"minecraft:oak_planks":256,"minecraft:stick":8,"minecraft:iron_pickaxe":1}},"DataVersion":3465}