{"stats":{"minecraft:custom":{"minecraft:time_since_rest":1964,"minecraft:sprint_one_cm":35333,"minecraft:damage_taken":774,"minecraft:walk_one_cm":34449,"minecraft:mob_kills":49,"minecraft:drop":10,"minecraft:interact_with_crafting_table":4,"minecraft:player_kills":1,"minecraft:fly_one_cm":187582,"minecraft:open_chest":4,"minecraft:crouch_one_cm":445,"minecraft:play_time":17751,"minecraft:deaths":2,"minecraft:sneak_time":304,"minecraft:walk_under_water_one_cm":3763,"minecraft:jump":558,"minecraft:damage_dealt_resisted":5535,"minecraft:walk_on_water_one_cm":6218,"minecraft:time_since_death":1870,"minecraft:total_world_time":17751,"minecraft:fall_one_cm":1595},"minecraft:dropped":{"minecraft:oak_door":2,"minecraft:dirt":1,"minecraft:kelp":1,"minecraft:stone":1,"minecraft:birch_leaves":1,"jujutsucraft:cursed_technique_changer":1,"jujutsucraft:sword_black":1,"minecraft:apple":1,"minecraft:grass_block":1},"minecraft:mined":{"minecraft:oak_leaves":5},"minecraft:used":{"minecraft:chest":2,"minecraft:crafting_table":1,"minecraft:oak_sapling":1},"minecraft:killed_by":{"jujutsucraft:q":1,"minecraft:player":1},"minecraft:killed":{"minecraft:cat":1,"minecraft:sheep":4,"minecraft:horse":1,"jujutsucraft:cursed_spirit_grade_39":1,"jujutsucraft:cursed_spirit_grade_313":1,"minecraft:donkey":1,"minecraft:pig":6,"jujutsucraft:crow":1,"minecraft:bee":3,"minecraft:chicken":2,"minecraft:salmon":5,"jujutsucraft:cursed_spirit_grade_317":2,"jujutsucraft:cursed_spirit_grade_316":1,"jujutsucraft:curse_user_1":3,"jujutsucraft:cursed_spirit_grade_319":2,"jujutsucraft:curse_user":1,"jujutsucraft:cursed_spirit_grade_322":1,"minecraft:villager":8,"minecraft:squid":1,"jujutsucraft:cursed_spirit_grade_321":1,"minecraft:cow":1},"minecraft:picked_up":{"minecraft:birch_leaves":1,"minecraft:stone":1,"minecraft:oak_door":2,"minecraft:torch":4,"minecraft:porkchop":8,"minecraft:grass_block":2,"minecraft:dirt":2,"minecraft:apple":1,"minecraft:kelp":1,"jujutsucraft:sword_black":1,"minecraft:iron_ingot":4,"minecraft:oak_sapling":1},"minecraft:crafted":{"minecraft:oak_planks":256,"minecraft:stick":8,"minecraft:iron_pickaxe":1}},"DataVersion":3465}